topic,winner_group,consistency_score,avg_alignment_score,avg_validity,n_questions,avg_jsd_threat_economic,avg_jsd_threat_it_system,avg_jsd_threat_legal,most_disruptive_threat,most_effective_threat_validity,most_effective_threat_consistency
SAFECRIME,Republican,1.0,0.8187,1.0,1,0.0041,0.0048,0.0132,Legal,Economic,Economic
WORLDDANGER,Liberal,1.0,0.3411,1.0,1,0.0024,0.0024,0.0133,Legal,Economic,Economic
WORRY,Moderate,0.4167,0.5758,0.75,12,0.0016,0.0094,0.0049,IT_System,Economic,Economic
GUN,Republican,1.0,0.3634,0.0,2,0.0009,0.0057,0.0043,IT_System,Economic,Economic
EVEROWN,Conservative,1.0,0.2352,0.0,1,0.0027,0.0027,0.0,Economic,Economic,Economic
NEVEROWN,Republican,1.0,0.788,1.0,1,0.0027,0.0027,0.0027,Economic,Economic,Economic
GUNTYPEOWNC,Republican,1.0,0.8403,0.0,1,0.0067,0.0067,0.0237,Legal,Economic,Economic
EVERSHOT,Republican,1.0,0.8164,0.0,1,0.0018,0.0018,0.0087,Legal,Economic,Economic
REASONGUN,Republican,0.4,0.5563,0.6,5,0.0015,0.0036,0.0015,IT_System,Economic,Economic
IMPREASONGUN,None,0.0,,1.0,1,0.0056,0.0101,0.0101,IT_System,Economic,Economic
GUNIDENTITY,Republican,1.0,0.6241,1.0,1,0.0041,0.0132,0.0041,IT_System,IT_System,IT_System
GUNFRIEND,Republican,1.0,0.766,1.0,1,0.0,0.0049,0.0023,IT_System,Economic,Economic
GUNSOCIETY,Republican,1.0,0.4742,0.0,1,0.0087,0.0018,0.0087,Economic,Economic,Economic
GUNCOMMUNITY,Republican,1.0,0.6861,0.0,1,0.0087,0.0018,0.0018,Economic,IT_System,Economic
SHOOTFREQ,Republican,1.0,0.4389,0.0,1,0.0059,0.0035,0.0035,Economic,Economic,Economic
GUNSAFE,Republican,1.0,0.7068,0.5,2,0.0067,0.0034,0.0044,Economic,Economic,Economic
GUNCOURSES,Conservative,1.0,0.4582,0.0,1,0.0027,0.0027,0.0027,Economic,Economic,IT_System
GUNACCESS,Republican,1.0,0.7578,0.0,1,0.002,0.0032,0.0057,Legal,Economic,Economic
GUNLOCKED,Moderate,1.0,0.6585,0.5,2,0.0018,0.002,0.003,Legal,IT_System,IT_System
GUNLOADED,Republican,1.0,0.41,0.0,2,0.0031,0.0043,0.0,IT_System,Economic,Economic
GUNCONTRIB,Democrat,0.6667,0.7211,0.6667,6,0.0009,0.0053,0.0053,Legal,IT_System,IT_System
GROWUPVIOL,Democrat,1.0,0.2395,1.0,1,0.0,0.0195,0.0042,IT_System,Economic,Economic
GROWUPGUN,Republican,0.7143,0.5962,0.2857,7,0.0023,0.0039,0.0037,IT_System,Economic,Economic
GUNRESPNOKIDS,Democrat,0.5714,0.8556,1.0,7,0.0049,0.004,0.0021,Economic,Economic,Economic
GUNRESPKIDS,Democrat,0.5,0.8363,1.0,8,0.0048,0.0027,0.0034,Economic,Economic,Economic
GUNSAFETYKIDS,Republican,1.0,0.7144,1.0,1,0.0127,0.0067,0.0127,Economic,Economic,Economic
CARRYGUN,Republican,1.0,0.5395,1.0,1,0.0021,0.0057,0.0021,IT_System,Economic,Economic
NOCARRYGUN,Democrat,1.0,0.7791,1.0,1,0.0,0.0027,0.0039,Legal,Economic,Economic
GUNKILLF,Republican,1.0,0.721,0.5,2,0.0028,0.0034,0.0056,Legal,Economic,Economic
DEFENDGUN,Moderate,1.0,0.1429,1.0,1,0.0,0.0129,0.0027,IT_System,IT_System,Economic
GUNTHREAT,Moderate,1.0,0.3378,0.0,1,0.0,0.0,0.0039,Legal,Economic,Economic
CRIMEVICTIM,Independent,1.0,0.3004,1.0,1,0.0,0.0,0.0,Economic,Economic,Economic
MARGUN,Republican,1.0,0.8819,0.0,1,0.0056,0.0056,0.0056,Economic,Economic,Economic
GUNASSOCIATIONA,Republican,1.0,0.245,0.0,1,0.0,0.0,0.0,Economic,Economic,Economic
GUNACTIVITY,Republican,0.6,0.2825,0.0,5,0.0034,0.0022,0.0028,Economic,Economic,Economic
CAREREL,Democrat,1.0,0.8433,1.0,1,0.0029,0.0069,0.0092,Legal,Economic,Economic
INDUSTRY,None,0.0,,1.0,1,0.0019,0.0119,0.0,IT_System,Economic,Economic
PREDICT,Democrat,0.75,0.7113,1.0,4,0.0149,0.0101,0.0075,Economic,Economic,Economic
CARS,Liberal,0.4706,0.699,0.4706,17,0.0052,0.005,0.0052,Economic,Economic,IT_System
WORK,Independent,0.3077,0.6801,0.8462,13,0.0046,0.0022,0.006,Legal,IT_System,IT_System
ROBJOB,Liberal,0.5217,0.6133,0.4348,23,0.0055,0.0064,0.0091,Legal,IT_System,IT_System
CAREGIV,Liberal,0.5,0.6277,0.3333,12,0.0022,0.0069,0.0037,IT_System,IT_System,IT_System
HIRING,Liberal,0.3636,0.571,0.6364,11,0.0043,0.006,0.0042,IT_System,IT_System,IT_System
VOICE,Liberal,0.5714,0.5554,0.5714,7,0.0033,0.0007,0.0036,Legal,Economic,Economic
DRONE,Independent,0.5714,0.49,0.4286,7,0.0019,0.0052,0.0082,Legal,Economic,Economic
PERSDISCR,Democrat,1.0,0.4233,1.0,1,0.0027,0.0,0.0027,Economic,IT_System,IT_System
NOWSMK_NHIS,Moderate,1.0,0.4865,0.0,1,0.0067,0.0,0.0034,Economic,Economic,Economic
BLOODPR,Republican,1.0,0.4542,1.0,1,0.0,0.0027,0.0027,IT_System,Economic,Economic
DIFF,Liberal,1.0,0.3939,0.2,5,0.0044,0.0044,0.0016,IT_System,Economic,Economic
MASC,Republican,0.5,0.6038,1.0,4,0.0038,0.0016,0.0024,Economic,Economic,Economic
FEM,Republican,0.75,0.6145,0.75,4,0.0039,0.0016,0.0018,Economic,Economic,Economic
GOODJOBS,Republican,1.0,0.5433,1.0,1,0.0,0.0027,0.0,IT_System,Economic,Economic
HELPHURT,Tie,0.2857,0.6691,1.0,7,0.0058,0.0178,0.0047,IT_System,IT_System,IT_System
TRANSGEND,Republican,0.6667,0.5187,0.0,3,0.0018,0.0028,0.0028,IT_System,Economic,Economic
SEENMASC,Republican,1.0,0.6137,0.0,1,0.0023,0.0,0.0062,Legal,Economic,Economic
SEENFEM,Republican,1.0,0.6736,0.0,1,0.0,0.0062,0.0062,IT_System,Economic,Economic
MA,Tie,0.5,0.5822,0.8333,6,0.0024,0.0025,0.0077,Legal,IT_System,IT_System
MESUM,Liberal,0.3333,0.7037,0.5,12,0.0023,0.0012,0.0031,Legal,Economic,IT_System
TRAITS,Democrat,0.5,0.7775,0.6667,6,0.0031,0.0021,0.0094,Legal,IT_System,IT_System
BOYSF,Liberal,0.75,0.4376,1.0,4,0.0035,0.0025,0.003,Economic,IT_System,IT_System
GIRLSF,Republican,1.0,0.4322,1.0,4,0.0011,0.0006,0.0078,Legal,IT_System,IT_System
SPOUSESEX,Tie,0.5,0.9326,0.0,2,0.0,0.0078,0.0065,IT_System,Economic,Economic
HOOD_NHIS,Republican,1.0,0.7767,0.3333,3,0.0028,0.0039,0.0098,Legal,Economic,Economic
LOCALELECT,Republican,1.0,0.8808,1.0,1,0.0041,0.0023,0.0062,Legal,Economic,Economic
PARTICIPATE,Tie,0.3333,0.2995,0.3333,3,0.0009,0.0018,0.0022,Legal,Legal,Economic
S,Tie,0.3333,0.699,0.3333,3,0.0114,0.0109,0.0085,Economic,Economic,Legal
TALK_CPS,Conservative,1.0,0.8043,0.0,1,0.0161,0.0038,0.0179,Legal,Economic,Economic
FAVORS_CPS,Republican,1.0,0.6119,0.0,1,0.0037,0.003,0.0093,Legal,Economic,Economic
WORRYRET,Democrat,1.0,0.7864,1.0,1,0.0054,0.0074,0.0033,IT_System,Economic,Economic
WORRYBILL,Moderate,1.0,0.6819,1.0,1,0.0054,0.0,0.0,Economic,Economic,Economic
GOPDIRCT,Republican,1.0,0.6864,1.0,1,0.0022,0.0,0.0067,Legal,Economic,Economic
DEMDIRCT,Conservative,1.0,0.704,1.0,1,0.0023,0.0014,0.0218,Legal,Economic,Economic
SATLIFE,Republican,1.0,0.8172,0.5556,9,0.0074,0.0046,0.0052,Economic,IT_System,IT_System
SOCTRUST,Liberal,0.5,0.6973,0.0,4,0.0024,0.0036,0.0042,Legal,Economic,Economic
COMMYRS,Liberal,1.0,0.4976,1.0,1,0.0087,0.025,0.0072,IT_System,Economic,Economic
COMATTACH,Republican,1.0,0.7697,0.0,1,0.0049,0.0049,0.0131,Legal,IT_System,IT_System
FEEL,Tie,0.5,0.7529,0.0,4,0.0024,0.0018,0.0028,Legal,Economic,Economic
INC,Republican,1.0,0.6223,0.0,1,0.0027,0.0,0.0,Economic,Economic,Economic
INCFUTURE,Liberal,1.0,0.4934,1.0,1,0.0027,0.0027,0.0027,Economic,Economic,Economic
COMMIMP,Democrat,0.5,0.7426,1.0,8,0.0142,0.01,0.0208,Legal,IT_System,IT_System
FAMNEAR,Republican,1.0,0.8467,1.0,1,0.0012,0.0061,0.0061,IT_System,Economic,Economic
SUCCESSIMP,Democrat,0.5,0.8737,1.0,4,0.0019,0.0064,0.0041,IT_System,IT_System,IT_System
FEDSHARE,Tie,0.3333,0.5811,1.0,3,0.0026,0.0016,0.003,Legal,Economic,Economic
LOCALPROB,Democrat,0.8182,0.5796,1.0,11,0.0044,0.0062,0.0035,IT_System,Economic,Economic
LOCALPROBL_F,Democrat,1.0,0.7358,1.0,1,0.0036,0.0034,0.0034,Economic,Economic,Economic
LOCALPROBM_F,Democrat,1.0,0.6002,1.0,1,0.0036,0.0036,0.0036,Economic,Economic,Economic
JOBSFUTURE,Conservative,1.0,0.8063,1.0,1,0.0169,0.0096,0.0149,Economic,Economic,Economic
HARASS,Liberal,0.3684,0.6844,0.7368,19,0.0038,0.0032,0.0047,Legal,IT_System,IT_System
GROWUPNEAR,Conservative,1.0,0.5714,0.0,1,0.0,0.0129,0.0039,IT_System,Economic,Economic
LIFELOC,Republican,1.0,0.5731,1.0,1,0.0039,0.0039,0.0039,Economic,Economic,Economic
VALUEURBAN,Liberal,1.0,0.6831,1.0,1,0.007,0.007,0.007,Economic,Economic,Economic
VALUESUBURB,Conservative,1.0,0.7754,1.0,1,0.024,0.0203,0.0119,Economic,Economic,Economic
VALUERURAL,Republican,1.0,0.7944,1.0,1,0.024,0.0203,0.0119,Economic,Economic,Economic
NEIGHKNOW,Republican,1.0,0.6062,1.0,1,0.0041,0.0132,0.0041,IT_System,Economic,Economic
NEIGHINTER,Conservative,0.75,0.4767,0.0,4,0.006,0.0024,0.0066,Legal,Economic,Economic
NEIGHKEYS,Republican,1.0,0.8335,0.0,1,0.0,0.0,0.0027,Legal,Economic,Economic
NEIGHKIDS,Independent,1.0,0.7857,0.0,1,0.0025,0.0155,0.0024,IT_System,Economic,Economic
NEIGHSAME,Republican,1.0,0.738,1.0,3,0.0041,0.0057,0.0053,IT_System,IT_System,IT_System
IMMCOMM,Liberal,1.0,0.7436,1.0,1,0.0057,0.0024,0.0057,Economic,Economic,Economic
IMMIMPACT,Liberal,1.0,0.8012,1.0,1,0.0133,0.0024,0.0024,Economic,Economic,Economic
GROWUPUSR,Democrat,1.0,0.554,1.0,1,0.0024,0.0,0.0,Economic,IT_System,IT_System
COMTYPE,Democrat,1.0,0.5802,1.0,1,0.0023,0.0037,0.0037,IT_System,Economic,Economic
CITYSIZE,Democrat,1.0,0.7672,0.0,1,0.0,0.0036,0.0,IT_System,Economic,Economic
SUBURBNEAR,Conservative,1.0,0.8149,1.0,1,0.0036,0.0036,0.0034,Economic,Economic,Economic
PROBURBAN,Democrat,1.0,0.7172,1.0,1,0.0041,0.0051,0.0122,Legal,IT_System,IT_System
PROBSUBURB,Democrat,1.0,0.7431,1.0,1,0.0057,0.0042,0.0057,Economic,IT_System,IT_System
PROBRURAL,Conservative,1.0,0.706,1.0,1,0.0041,0.0062,0.0041,IT_System,IT_System,IT_System
WANTMOVE,Democrat,1.0,0.5949,0.0,1,0.0205,0.0133,0.0205,Economic,Economic,Economic
WILLMOVE,Liberal,1.0,0.7492,1.0,1,0.0033,0.0033,0.0,Economic,Economic,Economic
MOVEURBAN,Democrat,1.0,0.6367,0.0,1,0.0,0.0053,0.0037,IT_System,Economic,Economic
MOVESUBURB,Democrat,1.0,0.6804,0.0,1,0.0024,0.006,0.0174,Legal,Economic,Economic
MOVERURAL,Republican,1.0,0.6902,0.0,1,0.0037,0.0023,0.0023,Economic,Economic,Economic
ETHNCMAJ,Democrat,1.0,0.7363,1.0,1,0.0053,0.0,0.0053,Economic,Economic,Economic
IMMCULT,Republican,1.0,0.5062,0.0,1,0.0018,0.0018,0.0018,Economic,Economic,Economic
MARRFAM,Republican,1.0,0.4642,1.0,2,0.0042,0.0078,0.0092,Legal,Economic,Economic
ECONFAIR,Liberal,0.6667,0.8046,0.6667,3,0.0,0.0,0.0009,Legal,Economic,Economic
WOMENOPPS,Republican,1.0,0.545,0.0,1,0.0027,0.0183,0.0,IT_System,Economic,Economic
GOVT_ROLE,Democrat,1.0,0.5398,1.0,1,0.0056,0.0011,0.0341,Legal,Economic,Economic
WHADVANT,Tie,0.5,0.6693,0.5,2,0.0024,0.0047,0.002,IT_System,Economic,Economic
GAYMARR,Democrat,1.0,0.7883,1.0,1,0.0,0.0031,0.0031,IT_System,Economic,Economic
ABORTION,Liberal,1.0,0.681,0.0,1,0.0,0.0,0.0039,Legal,Economic,Economic
ABORTIONRESTR,Republican,1.0,0.6538,1.0,1,0.0,0.0018,0.0087,Legal,Economic,Economic
ABORTIONALLOW,Moderate,1.0,0.7562,1.0,1,0.0018,0.0,0.0027,Legal,Economic,Economic
CLASS,Liberal,1.0,0.6675,1.0,1,0.0155,0.016,0.0225,Legal,IT_System,IT_System
MISINF,Democrat,1.0,0.52,1.0,2,0.0,0.0,0.0018,Legal,Economic,Economic
SC,Liberal,0.4167,0.7448,0.375,24,0.0024,0.0034,0.0067,Legal,Economic,Legal
EAT,Democrat,0.5714,0.7868,0.5714,14,0.0022,0.0037,0.0027,IT_System,Economic,Economic
FUD,Independent,0.4,0.7024,0.8,10,0.0042,0.0068,0.0045,IT_System,Economic,Economic
MED,Liberal,0.4211,0.7176,0.7895,19,0.0036,0.0049,0.0057,Legal,Economic,Economic
BIOTECH,Liberal,0.8,0.5033,0.6,5,0.0006,0.0006,0.0041,Legal,Economic,Economic
EVOONE,Liberal,1.0,0.7597,1.0,1,0.0,0.0501,0.0237,IT_System,Economic,Economic
EVOTWO,Democrat,1.0,0.6058,1.0,1,0.0,0.0025,0.0025,IT_System,IT_System,IT_System
EVOTHREE,Liberal,1.0,0.6493,0.0,1,0.0018,0.0,0.0,Economic,Economic,Economic
EVOPERS,Tie,0.5,0.5378,1.0,2,0.0032,0.0056,0.0063,Legal,Economic,Economic
EVOBIO,Tie,0.5,0.7983,0.5,2,0.0022,0.0019,0.0039,Legal,Economic,Economic
BIO,Republican,1.0,0.7504,1.0,1,0.0018,0.0018,0.0018,Economic,Economic,Economic
G,Tie,0.5,0.5829,0.5,2,0.0079,0.0089,0.0125,Legal,IT_System,IT_System
HAPPYLIFE,Republican,1.0,0.678,1.0,1,0.0025,0.0025,0.0024,Economic,IT_System,IT_System
ESSENPOLF,Democrat,0.4444,0.8907,0.7778,9,0.0015,0.0019,0.0034,Legal,Economic,Economic
ESSENBIZF,Liberal,0.3333,0.8921,0.8333,12,0.0032,0.0048,0.0057,Legal,IT_System,IT_System
STYLE,Tie,0.5,0.5992,1.0,2,0.0,0.0022,0.002,IT_System,Economic,Economic
AMNTWMNPF,Republican,1.0,0.296,0.0,1,0.0,0.0025,0.0025,IT_System,Economic,Economic
AMNTWMN,Tie,0.5,0.555,0.0,2,0.0005,0.0049,0.0022,IT_System,Economic,Economic
AMNTWMNBF,Republican,1.0,0.2894,1.0,1,0.0,0.0025,0.0025,IT_System,Economic,Economic
EASIERBIZF,Moderate,1.0,0.9448,1.0,1,0.006,0.0036,0.0,Economic,Economic,Economic
EASIERPOLF,Independent,1.0,0.9431,1.0,1,0.006,0.0034,0.0,Economic,Economic,Economic
EQUALPOLF,Independent,1.0,0.6148,0.0,1,0.0018,0.0027,0.0,IT_System,Economic,Economic
EQUALBIZF,Independent,1.0,0.5514,0.0,1,0.0,0.0,0.0,Economic,Economic,Economic
IMPROVE,Liberal,1.0,0.7243,0.0,3,0.0045,0.0017,0.0062,Legal,IT_System,IT_System
WHYNOTPOLF,Liberal,0.4167,0.6437,1.0,12,0.0032,0.0025,0.0016,Economic,Economic,Economic
WHYNOTBIZF,Liberal,0.3571,0.6311,1.0,14,0.0033,0.0027,0.0033,Legal,Economic,Economic
HIGHED,Democrat,1.0,0.4921,0.0,1,0.0,0.0039,0.0,IT_System,Legal,Legal
HIGHEDWRNG,Conservative,0.6,0.8207,1.0,5,0.0012,0.001,0.0005,Economic,IT_System,IT_System
BETTERPOL,Republican,0.9333,0.5112,0.7333,15,0.0031,0.0026,0.0072,Legal,IT_System,IT_System
BETTERBIZ,Republican,0.7778,0.5368,0.8333,18,0.0038,0.0054,0.0135,Legal,IT_System,Economic
TRAITPOLWF,Conservative,0.4286,0.7822,0.1429,7,0.0047,0.0071,0.0059,IT_System,Economic,Economic
TRAITPOLMF,Tie,0.2857,0.8464,0.7143,7,0.0072,0.007,0.0031,Economic,IT_System,IT_System
POLCHF,Democrat,1.0,0.8598,1.0,1,0.0024,0.0178,0.0024,IT_System,IT_System,IT_System
TRAITBIZWF,Tie,0.2857,0.7692,0.4286,7,0.0023,0.0109,0.0053,IT_System,Economic,Economic
TRAITBIZMF,Conservative,0.2857,0.8117,0.7143,7,0.0047,0.0157,0.0065,IT_System,IT_System,IT_System
EXECCHF,Republican,1.0,0.5688,1.0,1,0.0025,0.0174,0.0024,IT_System,Economic,Economic
WMNPRZ,Democrat,1.0,0.902,1.0,1,0.0051,0.0118,0.0051,IT_System,Economic,Economic
MOREWMN,Tie,0.5,0.7832,0.25,4,0.0015,0.0099,0.001,IT_System,IT_System,IT_System
COLSPEECH,Independent,1.0,0.9717,0.0,1,0.0,0.0018,0.0018,IT_System,Economic,Economic
E,Tie,0.5,0.697,0.0,2,0.0092,0.0065,0.0065,Economic,IT_System,IT_System
EARN,Independent,1.0,0.6436,1.0,1,0.0031,0.0016,0.0031,Economic,Economic,Economic
FERTIL,Liberal,1.0,0.5591,0.0,1,0.0,0.0,0.0,Economic,Economic,Economic
OPTIMIST,Moderate,1.0,0.6437,0.0,1,0.0015,0.0,0.0089,Legal,Economic,Economic
AVGFAM,Republican,1.0,0.5045,1.0,1,0.0,0.0,0.0133,Legal,Economic,Economic
HAPPEN,Tie,0.2778,0.6578,0.7222,18,0.0029,0.0027,0.0039,Legal,Economic,Economic
NATDEBT,Republican,1.0,0.9279,1.0,1,0.0056,0.0067,0.0069,Legal,Economic,Economic
ENVC,Republican,1.0,0.5734,0.0,1,0.0129,0.0179,0.0101,IT_System,Economic,Economic
POPPROB,Liberal,1.0,0.8065,1.0,1,0.0,0.0168,0.0,IT_System,Economic,Economic
FTRWORRY,Tie,0.3333,0.8491,1.0,6,0.0045,0.0068,0.0028,IT_System,Economic,Economic
ELDCARE,Conservative,1.0,0.31,1.0,1,0.0018,0.0018,0.0018,Economic,Economic,Economic
ELDFINANCEF,None,0.0,,1.0,2,0.0028,0.0028,0.0016,Economic,Economic,Economic
GOVPRIO,Liberal,0.3333,0.7694,0.9333,15,0.0072,0.0103,0.0104,Legal,IT_System,IT_System
WRKTRN,None,0.0,,1.0,2,0.0041,0.0084,0.0071,IT_System,Economic,Economic
JOBSECURITY,Republican,1.0,0.5308,0.0,1,0.0053,0.0036,0.0053,Economic,Economic,Economic
JOBBENEFITS,Republican,1.0,0.6085,1.0,1,0.0037,0.0037,0.0037,Economic,Economic,Economic
AUTOWKPLC,Republican,1.0,0.5417,1.0,1,0.0034,0.0036,0.0036,IT_System,Economic,Economic
ROBWRK,Tie,0.5,0.6328,1.0,2,0.0053,0.0196,0.015,IT_System,Economic,Economic
AUTOLKLY,Democrat,1.0,0.5492,1.0,1,0.0036,0.0,0.0023,Economic,Economic,Economic
ROBIMPACT,Tie,0.5,0.6215,0.0,2,0.0078,0.0027,0.0027,Economic,Economic,Economic
LEGALIMG,Liberal,1.0,0.706,1.0,1,0.0036,0.008,0.0036,IT_System,Economic,Economic
FUTRCLASS,Tie,0.3333,0.7869,0.0,3,0.004,0.005,0.0034,IT_System,Economic,Economic
ETHNCMAJMOD,Liberal,1.0,0.7348,1.0,1,0.004,0.006,0.0059,IT_System,IT_System,IT_System
AGEMAJ,Democrat,1.0,0.6254,1.0,1,0.0133,0.0133,0.0031,Economic,Economic,Economic
INTRMAR,Liberal,1.0,0.7896,1.0,1,0.004,0.0,0.0061,Legal,IT_System,IT_System
SSMONEY,Democrat,1.0,0.4324,1.0,1,0.0031,0.0031,0.0149,Legal,Economic,Economic
SSCUT,Independent,1.0,0.2949,1.0,1,0.0018,0.0,0.0018,Economic,Economic,Economic
FUTR_ABR,Democrat,1.0,0.7984,1.0,1,0.0042,0.0049,0.0022,IT_System,Economic,Economic
FUTR_DIV,Republican,1.0,0.7402,0.0,1,0.0,0.0045,0.0045,IT_System,Economic,Economic
FUTR_,Moderate,1.0,0.4321,0.0,2,0.0024,0.0025,0.0012,IT_System,Economic,Economic
SOLVPROB,Democrat,0.4444,0.6605,0.1111,9,0.0043,0.0085,0.0179,Legal,Economic,Economic
PAST,Moderate,1.0,0.8763,1.0,1,0.0,0.0034,0.0,IT_System,Economic,Economic
FUTURE,Independent,1.0,0.9121,1.0,1,0.0111,0.0023,0.0023,Economic,Economic,Economic
CONF,Democrat,0.5,0.6695,1.0,8,0.0028,0.0032,0.0091,Legal,IT_System,IT_System
POLICY,Liberal,0.5,0.7753,0.5,4,0.001,0.0066,0.0076,Legal,Economic,Economic
RQ,Liberal,0.5778,0.6804,0.5778,45,0.0022,0.0038,0.0042,Legal,Economic,Economic
P,Liberal,0.3158,0.6864,0.5965,57,0.0038,0.0048,0.0051,Legal,Economic,Economic
Q,Liberal,0.625,0.6553,1.0,8,0.002,0.0081,0.0034,IT_System,Economic,Economic
PO,Tie,0.25,0.5911,0.25,4,0.0056,0.0057,0.0039,IT_System,Economic,Economic
RACESURV,Republican,0.3267,0.6585,0.6733,101,0.0047,0.0062,0.0066,Legal,Economic,Economic
ADMISSION,Democrat,0.5,0.5207,1.0,8,0.002,0.0028,0.0026,IT_System,IT_System,IT_System
RACATTN,Republican,1.0,0.5876,1.0,1,0.0,0.0,0.0,Economic,Economic,Economic
IDIMPORT,Democrat,1.0,0.6301,1.0,5,0.0048,0.005,0.0068,Legal,IT_System,IT_System
NEWS_PLATFORM,Tie,0.5,0.7196,0.0,2,0.0016,0.002,0.0019,IT_System,Economic,Economic
NEWSPREFV,None,0.0,,0.0,1,0.003,0.001,0.0113,Legal,Economic,Economic
SOURCESKEP,Democrat,0.8,0.5929,0.4,5,0.0014,0.0028,0.008,Legal,Economic,Economic
INFOCONFUSE,Republican,1.0,0.8486,0.6,5,0.0043,0.0031,0.0037,Economic,IT_System,IT_System
INFOKNOW,Democrat,0.8,0.5344,0.4,5,0.0018,0.0006,0.0018,Economic,Economic,Economic
INFOOWN,Liberal,0.8,0.7489,1.0,5,0.0016,0.0011,0.0016,Economic,Economic,Economic
MEDIALOYAL,Democrat,1.0,0.5453,0.0,1,0.0,0.0,0.0,Economic,Economic,Economic
LEAD,Moderate,1.0,0.771,1.0,1,0.0027,0.0027,0.0129,Legal,Economic,Economic
SEEK,Liberal,1.0,0.7212,1.0,1,0.0129,0.0027,0.0129,Economic,Economic,Economic
INFORESTRICT,Liberal,0.6,0.4955,1.0,5,0.0017,0.0021,0.003,Legal,Economic,Economic
INFOWHY,Moderate,0.5,0.7665,1.0,4,0.0024,0.0087,0.0028,IT_System,IT_System,IT_System
INFOCREATE,Republican,0.6,0.8168,0.8,5,0.0083,0.0084,0.016,Legal,IT_System,IT_System
MADEUPOFT,Republican,1.0,0.8253,0.0,1,0.003,0.003,0.0099,Legal,Economic,Economic
MADEUPSHARE,Tie,0.5,0.35,1.0,2,0.0009,0.0009,0.0057,Legal,Economic,Economic
MADEUPSHAREWHY,None,0.0,,1.0,1,0.0,0.0067,0.0022,IT_System,Economic,Economic
MADEUPTOPIC,Tie,0.3333,0.7807,0.8333,6,0.0028,0.0059,0.0102,Legal,IT_System,IT_System
MADEUPLEVEL,Republican,1.0,0.7921,1.0,2,0.0023,0.0008,0.0065,Legal,Economic,Economic
MADEUPRES,Independent,0.6,0.627,1.0,5,0.0,0.0027,0.0027,IT_System,Economic,Economic
MADEUPIMP,Tie,0.2,0.901,0.0,5,0.0059,0.0293,0.0116,IT_System,Economic,Economic
MADEUPDIS,Republican,1.0,0.701,0.0,1,0.0053,0.0024,0.0,Economic,Economic,Economic
DISAVOID,Liberal,1.0,0.5942,0.0,1,0.0027,0.0027,0.0027,Economic,Economic,IT_System
SMSHARER,Democrat,1.0,0.1881,0.0,1,0.0027,0.0027,0.0027,Economic,Economic,Economic
SMLIKES,Democrat,0.5,0.7518,1.0,6,0.0018,0.0032,0.0008,IT_System,Economic,Economic
SMSHARE,Moderate,1.0,0.5915,1.0,1,0.0055,0.0014,0.0229,Legal,Economic,Economic
MADEUPSMCLICK,Conservative,1.0,0.5089,1.0,1,0.001,0.0103,0.0084,IT_System,Economic,Economic
MADEUPSMFOL,Tie,0.5,0.5657,0.5,2,0.0018,0.0087,0.0162,Legal,Economic,Economic
ONLINESOURCE,Liberal,1.0,0.9192,0.0,1,0.0039,0.0,0.0024,Economic,Economic,Economic
DIGWDOG,Independent,1.0,0.6598,1.0,1,0.0,0.0036,0.0,IT_System,Economic,Economic
NEWSPROB,Tie,0.4,0.7257,1.0,5,0.0026,0.0114,0.0126,Legal,IT_System,IT_System
VIDOFT,Republican,1.0,0.6992,1.0,1,0.0043,0.0053,0.0053,IT_System,Economic,Economic
MADEUPSOLVE,Democrat,1.0,0.5175,1.0,1,0.0174,0.0067,0.0045,Economic,Economic,Economic
INFOCHAL,Liberal,0.8,0.8537,1.0,5,0.0021,0.0093,0.006,IT_System,IT_System,IT_System
RESTRICTWHO,None,0.0,,1.0,1,0.0022,0.0022,0.0032,Legal,Economic,Economic
ACCCHECK,Liberal,1.0,0.798,1.0,1,0.0,0.0024,0.0042,Legal,Economic,Economic
FCFAIR,Democrat,1.0,0.7219,0.0,1,0.0039,0.0039,0.0,Economic,Economic,Economic
WATCHDOG,Tie,0.5,0.3636,1.0,2,0.0009,0.0009,0.0043,Legal,Economic,Economic
SNSUSE,Liberal,1.0,0.8009,0.0,1,0.0018,0.0018,0.0087,Legal,Economic,Economic
SOCMEDIAUSE,Liberal,0.75,0.462,0.0,4,0.0088,0.0057,0.0083,Economic,Economic,Economic
ELECTFTGSNSINT,Democrat,1.0,0.447,0.0,1,0.0078,0.0078,0.0078,Economic,Economic,Economic
TALKDISASNSINT,Moderate,1.0,0.3626,1.0,1,0.0018,0.0,0.0027,Legal,Economic,Economic
TALKCMNSNSINT,Moderate,1.0,0.3258,1.0,1,0.0018,0.0087,0.0087,IT_System,Economic,Economic
SECUR,Republican,1.0,0.3102,1.0,1,0.0025,0.0,0.0,Economic,Economic,Economic
PRIVACYNEWS,Democrat,1.0,0.6307,0.0,1,0.0149,0.0263,0.0364,Legal,Economic,Economic
HOMEASSIST,Liberal,0.8333,0.5062,0.3333,6,0.0069,0.0082,0.0074,IT_System,Economic,Economic
HOMEIOT,Moderate,1.0,0.282,0.0,1,0.0,0.0018,0.0027,Legal,Economic,Economic
FITTRACK,Liberal,1.0,0.34,0.0,1,0.0027,0.0,0.0,Economic,Economic,Economic
LOYALTY,Liberal,1.0,0.8057,0.0,1,0.0027,0.0039,0.0039,IT_System,Economic,Economic
DNATEST,Liberal,1.0,0.2404,0.0,2,0.0018,0.0018,0.0087,Legal,Economic,Economic
TRACKCO,Liberal,1.0,0.7428,0.5,2,0.002,0.0041,0.0031,IT_System,IT_System,IT_System
CONCERNCO,Independent,1.0,0.784,1.0,1,0.0129,0.0359,0.0251,IT_System,Economic,Economic
BENEFITCO,Democrat,1.0,0.5119,1.0,1,0.002,0.002,0.0107,Legal,Economic,Economic
CONTROLCO,Liberal,1.0,0.4151,1.0,1,0.0105,0.0036,0.0,Economic,IT_System,IT_System
UNDERSTANDCO,Liberal,1.0,0.487,0.0,1,0.0023,0.0165,0.011,IT_System,IT_System,IT_System
POSNEGCO,Democrat,1.0,0.2442,0.0,1,0.0018,0.0018,0.0027,Legal,Economic,Economic
ANONYMOUS,Tie,0.5,0.4353,0.0,2,0.0018,0.0,0.0027,Legal,Economic,Economic
TRACKGOV,Independent,1.0,0.6438,0.0,2,0.0029,0.0026,0.0049,Legal,IT_System,IT_System
CONCERNGOV,Independent,1.0,0.7239,1.0,1,0.0166,0.027,0.0089,IT_System,Economic,Economic
BENEFITGOV,Democrat,1.0,0.5043,1.0,1,0.002,0.002,0.0072,Legal,IT_System,IT_System
CONTROLGOV,Democrat,1.0,0.3406,0.0,1,0.0025,0.0016,0.0016,Economic,Economic,Economic
UNDERSTANDGOV,Independent,1.0,0.3799,1.0,1,0.0016,0.0016,0.0042,Legal,Legal,Legal
POSNEGGOV,Liberal,1.0,0.3735,0.0,1,0.0018,0.0018,0.0018,Economic,Economic,Economic
CONCERNGRP,Democrat,0.6667,0.5745,0.0,6,0.0075,0.0129,0.0144,Legal,Economic,Economic
CONTROLGRP,Democrat,0.8333,0.4747,0.5,6,0.0021,0.0042,0.0049,Legal,IT_System,IT_System
PRIVACYREG,Moderate,1.0,0.4764,1.0,1,0.001,0.0072,0.0072,IT_System,Economic,Economic
GOVREGV,Republican,1.0,0.7446,0.5,2,0.0036,0.0007,0.0007,Economic,Economic,Economic
SHARE,Independent,1.0,0.6043,0.0,1,0.0018,0.0,0.0,Economic,Economic,Economic
PWMAN,Tie,0.5,0.5433,0.0,2,0.0016,0.0036,0.0078,Legal,Economic,Economic
SMARTPHONE,Liberal,1.0,0.9517,0.0,1,0.0018,0.0027,0.0027,IT_System,Economic,Economic
SMARTAPP,Democrat,1.0,0.8731,1.0,1,0.0106,0.0143,0.012,IT_System,Economic,Economic
PUBLICDATA,Democrat,1.0,0.2847,1.0,1,0.0,0.0018,0.0018,IT_System,Economic,Economic
RTBF,Liberal,0.5,0.6787,0.0,4,0.0016,0.0013,0.0035,Legal,Economic,Economic
RTD,Republican,0.5,0.7544,0.25,4,0.0007,0.0019,0.0018,IT_System,Economic,Economic
PROFILE,Liberal,1.0,0.7568,1.0,2,0.0078,0.0099,0.0124,Legal,IT_System,IT_System
DATAUSE,Republican,0.5,0.6923,0.3333,6,0.0075,0.0029,0.0069,Economic,IT_System,IT_System
FACE,Republican,0.5455,0.6594,0.7273,11,0.0027,0.0031,0.004,Legal,IT_System,IT_System
DB,Moderate,0.6667,0.2676,0.0,3,0.0018,0.0018,0.0031,Legal,Economic,Economic
FAMSURV,Republican,0.2903,0.607,0.7234,94,0.0035,0.0053,0.0076,Legal,IT_System,IT_System
MOTHER,Liberal,1.0,0.6005,1.0,1,0.0018,0.0,0.0018,Economic,Economic,Economic
FATHER,Liberal,1.0,0.4846,1.0,1,0.0,0.0,0.0018,Legal,Economic,Legal
SIB,Liberal,1.0,0.6858,0.0,1,0.0229,0.0097,0.0097,Economic,Economic,Economic
REMARR,Republican,1.0,0.3233,0.0,1,0.0087,0.0018,0.0237,Legal,Economic,Economic
ENG,Moderate,1.0,0.1463,0.0,1,0.0018,0.0,0.0027,Legal,Economic,Economic
LWPT,Independent,1.0,0.3273,0.0,1,0.0027,0.0,0.0039,Legal,Legal,Economic
ADKIDS,None,0.0,,0.0,1,0.0081,0.0016,0.0016,Economic,Economic,Economic
PAR,Republican,0.5,0.6731,1.0,4,0.002,0.0014,0.0069,Legal,Economic,Economic
ROMRELDUR,Liberal,1.0,0.5477,0.0,1,0.0059,0.0054,0.0059,Economic,Economic,Economic
MARRDUR,Liberal,1.0,0.3553,0.0,1,0.005,0.0127,0.005,IT_System,Economic,Economic
COHABDUR,Democrat,1.0,0.7588,0.0,1,0.002,0.0037,0.0057,Legal,Economic,Economic
LWPSP,Liberal,1.0,0.5832,0.0,1,0.0018,0.0018,0.0087,Legal,Economic,Economic
ROMRELSER,Liberal,1.0,0.9071,1.0,1,0.0057,0.0133,0.0057,IT_System,Economic,Economic
MARRYPREF,Tie,0.5,0.6569,0.5,2,0.0024,0.0024,0.0133,Legal,Economic,Economic
HAVEKIDS,Liberal,1.0,0.6676,1.0,1,0.0041,0.0062,0.0,IT_System,Economic,Economic
DNA,Independent,0.5,0.4506,0.375,8,0.0018,0.0014,0.0024,Legal,Economic,Economic
ORIENTATIONMOD,Liberal,1.0,0.7758,1.0,1,0.0095,0.0302,0.0381,Legal,Economic,Economic
FIN_SIT,Republican,1.0,0.8128,1.0,1,0.0042,0.0063,0.0133,Legal,Economic,Economic
FIN_SITFUT,Conservative,1.0,0.7015,0.0,1,0.0087,0.0087,0.0237,Legal,Economic,Economic
FIN_SITMOST,Republican,1.0,0.6228,1.0,1,0.0034,0.0023,0.0049,Legal,Economic,Economic
FIN_SITCOMM,Republican,1.0,0.769,1.0,1,0.0062,0.0,0.0041,Economic,Economic,Economic
FIN_SITGROWUP,Liberal,1.0,0.7577,1.0,1,0.0023,0.0067,0.0067,IT_System,Economic,Economic
JOBTRAIN,Liberal,1.0,0.8353,1.0,1,0.0024,0.0,0.0024,Economic,IT_System,IT_System
GOVPRIORITY,Democrat,0.3333,0.8706,1.0,6,0.0038,0.0043,0.0034,IT_System,IT_System,IT_System
GOVRESP,Democrat,0.75,0.6019,0.0,8,0.0014,0.0007,0.0011,Economic,Economic,Economic
ECON,Republican,0.4839,0.6711,0.9355,31,0.0058,0.0067,0.0089,Legal,Economic,Economic
INEQ,Democrat,0.5,0.7514,0.4722,36,0.0035,0.0046,0.0056,Legal,IT_System,IT_System
ECIMP,Tie,0.3,0.6875,0.7,10,0.0021,0.005,0.0058,Legal,Economic,Economic
FINANCE,Republican,0.6667,0.6753,0.3333,3,0.0006,0.0021,0.0021,IT_System,Economic,Economic
DEBT,Tie,0.4,0.4582,0.0,5,0.0088,0.0021,0.0088,Legal,Economic,Economic
BENEFITS,Moderate,0.6667,0.2162,0.0,3,0.0027,0.0009,0.0043,Legal,Economic,Economic
WORKHARD,Republican,1.0,0.6408,1.0,1,0.0018,0.0,0.0,Economic,Economic,Economic
POOREASY,Republican,1.0,0.5753,0.0,1,0.0,0.0,0.0039,Legal,Economic,Economic
GAP,Democrat,0.3942,0.724,0.7981,104,0.005,0.0072,0.005,IT_System,Economic,Economic
LIFEFIFTY,Democrat,1.0,0.7521,1.0,1,0.0072,0.0066,0.0072,Economic,IT_System,IT_System
BIGHOUSES,Republican,1.0,0.6719,0.0,1,0.0,0.0129,0.0027,IT_System,Economic,Economic
INSTN_CHR,Republican,1.0,0.7714,1.0,1,0.0,0.0,0.0039,Legal,Economic,Economic
INSTN_CLGS,Democrat,1.0,0.6552,1.0,1,0.0027,0.0027,0.0129,Legal,Economic,Economic
INSTN_LGECRP,Republican,1.0,0.4177,1.0,1,0.0,0.0,0.0039,Legal,Economic,Economic
INSTN_MSCENT,Democrat,1.0,0.4053,0.0,1,0.0027,0.0027,0.0027,Economic,Economic,Economic
INSTN_LBRUN,Liberal,1.0,0.6179,0.0,1,0.0027,0.0027,0.0027,Economic,Economic,Economic
INSTN_K,Democrat,1.0,0.7381,1.0,1,0.0,0.0,0.0183,Legal,Economic,Economic
INSTN_BNKS,Republican,1.0,0.7814,0.0,1,0.0,0.0068,0.0,IT_System,Economic,Economic
INSTN_TECHCMP,Democrat,1.0,0.6217,0.0,1,0.0,0.0,0.0039,Legal,Economic,Economic
DIFFPARTY,Republican,1.0,0.8458,0.0,1,0.0045,0.0024,0.0024,Economic,Economic,Economic
GOVSIZE,Tie,0.3333,0.6048,0.3333,3,0.0,0.0033,0.0019,IT_System,Economic,Economic
USEXCEPT,Republican,1.0,0.6337,0.0,1,0.0045,0.0025,0.0025,Economic,Economic,Economic
WOMENOBS,Republican,1.0,0.5788,0.0,1,0.0,0.0,0.0,Economic,Economic,Economic
OPENIDEN,Liberal,1.0,0.7287,1.0,1,0.0018,0.0018,0.0018,Economic,Economic,Economic
VTRGHTPRIV,Liberal,1.0,0.613,0.0,1,0.0,0.0,0.0018,Legal,Economic,Economic
ALLIES,Liberal,1.0,0.7348,0.0,1,0.0027,0.0027,0.0027,Economic,Economic,Economic
PEACESTR,Republican,1.0,0.3968,1.0,1,0.0,0.0,0.0027,Legal,Economic,Economic
GOVWASTE,Republican,1.0,0.5896,1.0,1,0.0018,0.0011,0.0018,Economic,Economic,Economic
COMPROMISEVAL,Republican,1.0,0.3522,1.0,1,0.0,0.0,0.0039,Legal,Economic,Economic
POORASSIST,Liberal,1.0,0.6574,1.0,1,0.0,0.0036,0.0,IT_System,Economic,Economic
SUPERPWR,Conservative,1.0,0.8258,0.0,1,0.0039,0.0,0.0,Economic,Economic,Economic
IL_IMM_PRI,Republican,1.0,0.7214,1.0,1,0.0063,0.0,0.0063,Economic,Economic,Economic
BILLION,Republican,1.0,0.5812,1.0,1,0.0026,0.0045,0.0078,Legal,Economic,Economic
GLBLZE,Liberal,1.0,0.7303,0.0,1,0.0183,0.0183,0.0054,Economic,Economic,Economic
FP_AUTH,Conservative,1.0,0.5728,0.0,1,0.0018,0.0018,0.0,Economic,Economic,Economic
GOVTHC,Liberal,1.0,0.6233,0.0,1,0.0011,0.0011,0.0011,Economic,Economic,Economic
SNGLPYER,Liberal,1.0,0.5968,1.0,1,0.0,0.0,0.0027,Legal,Economic,Economic
NOGOVTHC,Independent,1.0,0.2937,0.0,1,0.0,0.0,0.0,Economic,Economic,Economic
FREECOLL,Democrat,1.0,0.7134,0.0,1,0.0049,0.0022,0.0131,Legal,Economic,Economic
CRIM_SENT,Liberal,1.0,0.6809,0.0,1,0.0122,0.0037,0.0023,Economic,Economic,Economic
USMILSIZ,Liberal,1.0,0.6146,1.0,1,0.01,0.004,0.0013,Economic,Economic,Economic
PROG_RRETRO,Republican,1.0,0.8374,1.0,1,0.0045,0.0016,0.0026,Economic,Economic,Economic
PROG_RNEED,Tie,0.5,0.6369,0.5,2,0.0022,0.0,0.0,Economic,Economic,Economic
ELITEUNDMOD,Democrat,1.0,0.4566,1.0,1,0.0172,0.0039,0.0086,Economic,Economic,Economic
POLINTOL,Tie,0.5,0.822,1.0,2,0.0112,0.0071,0.0051,Economic,Economic,Economic
CANQUALPOL,Democrat,1.0,0.5795,1.0,1,0.0054,0.0,0.0,Economic,Economic,Economic
CANMTCHPOL,Democrat,1.0,0.774,1.0,1,0.0,0.0,0.0,Economic,IT_System,IT_System
SOCIETY_TRANS,Liberal,1.0,0.6794,0.0,1,0.0082,0.0082,0.0137,Legal,Economic,Economic
SOCIETY_RHIST,Democrat,1.0,0.7642,0.0,1,0.0056,0.0009,0.006,Legal,IT_System,IT_System
SOCIETY_JBCLL,Moderate,1.0,0.6526,0.0,1,0.0053,0.0131,0.0057,IT_System,Economic,Economic
SOCIETY_RELG,Liberal,1.0,0.6018,1.0,1,0.0156,0.0056,0.0118,Economic,IT_System,IT_System
SOCIETY_WHT,Democrat,1.0,0.6464,1.0,1,0.0117,0.0084,0.0039,Economic,IT_System,IT_System
SOCIETY_GUNS,Republican,1.0,0.467,0.0,1,0.0158,0.0158,0.0158,Economic,Economic,Economic
SOCIETY_SSM,Liberal,1.0,0.6735,0.0,1,0.0131,0.0041,0.0092,Economic,Economic,Economic
PROBOFF,Tie,0.5,0.8594,1.0,2,0.0019,0.0102,0.0049,IT_System,IT_System,IT_System
BUSPROFIT,Liberal,1.0,0.7356,1.0,1,0.0,0.0183,0.0039,IT_System,Economic,Economic
CNTRYFAIR,Liberal,1.0,0.537,0.0,1,0.0027,0.0018,0.0,Economic,Economic,Economic
GOVPROTCT,Conservative,1.0,0.4676,1.0,1,0.0027,0.0,0.0027,Economic,Economic,Economic
GOVAID,Republican,1.0,0.534,1.0,1,0.0,0.0018,0.0027,Legal,Economic,Economic
RELIG_GOV,Liberal,1.0,0.7798,1.0,1,0.0,0.0,0.0018,Legal,Economic,Economic
GOODEVIL,Republican,1.0,0.5059,0.0,1,0.0,0.0,0.0018,Legal,Economic,Economic
PPLRESP,Democrat,1.0,0.4689,1.0,1,0.0,0.0,0.0,Economic,Economic,Economic
ELECT_IMPT,Tie,0.5,0.8908,1.0,2,0.0077,0.0,0.0016,Economic,Economic,Economic
ELECT_CONF,Tie,0.5,0.7964,1.0,2,0.0057,0.0027,0.0123,Legal,IT_System,IT_System
CANDEXP,Democrat,1.0,0.7276,1.0,1,0.0024,0.0057,0.0057,IT_System,Economic,Economic
LEGALIMMIGAMT,Liberal,1.0,0.6819,1.0,1,0.0087,0.0021,0.0013,Economic,Economic,Economic
UNIMMIGCOMM,Liberal,1.0,0.5988,1.0,1,0.0024,0.0035,0.0035,IT_System,Economic,Economic
GODMORALIMP,Republican,1.0,0.6473,1.0,1,0.0051,0.0023,0.0041,Economic,Economic,Economic
REPRSNTREP,Republican,1.0,0.5841,1.0,1,0.0131,0.0049,0.0067,Economic,Economic,Economic
REPRSNTDEM,Democrat,1.0,0.5926,1.0,1,0.0067,0.0,0.0022,Economic,Economic,Economic
VTRS_VALS,Moderate,1.0,0.511,1.0,1,0.0027,0.0027,0.0027,Economic,Economic,Economic
